Date Scraping,Date et Heure Événement,Quantité Dés,Lien Direct Récompense
2026-09-21 14:23:33,20/09/2026,2X Pièces gratuites,https://join.domino-dreams.com/fb?key=rcjKxcnnyBL
2026-09-21 14:23:33,20/09/2026,2X Pièces gratuites,https://join.domino-dreams.com/555?key=rCcmxalCNDB
2026-09-21 14:23:33,19/09/2026,2X Pièces gratuites,https://join.domino-dreams.com/fb?key=rMyPyYlDjTU
2026-09-21 14:23:33,19/09/2026,2X Pièces gratuites,https://join.domino-dreams.com/555?key=rMtdpdleFoz
2026-09-21 14:23:33,19/09/2026,2X Pièces gratuites,https://join.domino-dreams.com/dynamo?key=raJofIRzHwQ
2026-09-21 14:23:33,18/09/2026,2X Pièces gratuites,https://join.domino-dreams.com/fb?key=rzWAbwTceBF
2026-09-21 14:23:33,17/09/2026,2X Pièces gratuites,https://join.domino-dreams.com/fb?key=rCbGKjTNSUW
2026-09-21 14:23:33,17/09/2026,2X Pièces gratuites,https://join.domino-dreams.com/dynamo?key=rPeheFRnesG
2026-09-21 14:23:33,16/09/2026,2X Pièces gratuites,https://join.domino-dreams.com/fb?key=rGgatgkfWEk
2026-09-21 14:23:33,16/09/2026,2X Pièces gratuites,https://join.domino-dreams.com/social?key=rlAoEELYdUa
2026-09-21 14:23:33,16/09/2026,2X Pièces gratuites,https://join.domino-dreams.com/555?key=rgWQYRyEXYb
2026-09-21 14:23:33,15/09/2026,2X Pièces gratuites,https://join.domino-dreams.com/fb?key=rvyVVDqkhFh
2026-09-21 14:23:33,15/09/2026,2X Pièces gratuites,https://join.domino-dreams.com/dynamo?key=rSHxDjrrtTz
2026-09-21 14:23:33,14/09/2026,2X Pièces gratuites,https://join.domino-dreams.com/fb?key=rHRTnsqlLEs
2026-09-21 14:23:33,14/09/2026,2X Pièces gratuites,https://join.domino-dreams.com/555?key=rzEIejlFCPo
2026-09-21 14:23:33,14/09/2026,2X Pièces gratuites,https://join.domino-dreams.com/555?key=rAWayYrBFaJ
